,dF,ddF
MBAR,28.83043994039903,0.05313175580859819
TI,28.841118000644997,0.060475158121327505
